Date,b_LS,b_LS_error,b_ML,b_ML_error,D_2,D_2_error
Jan-1982,1.6632393565793,0.175323139399765,2.17147240951626,0.339436894919941,0.213154693353664,0.0179892158855442
Feb-1982,1.23052857681807,0.0917388935230625,1.50262225806188,0.186430949590508,0.393315731542173,0.0261915826235889
Mar-1982,0.962825020436723,0.0649561313182598,1.23083459156912,0.131542063613878,0.932646348216608,0.0812305050425248
Apr-1982,1.11096141596961,0.0989072571653269,1.65071205791281,0.235631432586815,0.699078630748271,0.0180450812075375
May-1982,1.14258769067643,0.266772782302881,1.88998524531971,0.23275686031278,0.696864138769358,0.0394742689498701
Jun-1982,1.03241618737898,0.14871261366478,1.29078236107468,0.136091379183256,0.457956487885249,0.0466077325987971
Jul-1982,1.30224096968765,0.0653804308236918,1.59241310031192,0.245315112200144,0.307882910053367,0.0189993233279978
Aug-1982,1.0030659459266,0.0634066428618354,1.37264059047142,0.212776683476321,0.369337953444626,0.0447753401836703
Sep-1982,1.01232030258503,0.0938142279533339,1.06882442586782,0.12136412885108,0.495792818564825,0.0201881514208814
Oct-1982,1.12177296966513,0.0390848507839976,1.1990063940586,0.08131893500705,1.27876462767187,0.0991752990315319
Nov-1982,1.17294108564324,0.170157466733666,1.69405648969354,0.249844093933921,0.399704120871545,0.0131297494172369
Dec-1982,1.37652083250787,0.0669934318682854,1.35717025594766,0.132321283828158,0.259370436701446,0.0329624112384639
Jan-1983,1.24404271416454,0.078131538677198,1.59241310031192,0.149843685794222,0.690675489066217,0.0791465258924192
Feb-1983,0.870336112716877,0.124035802461051,1.50555420393127,0.285496941083553,0.286673318180111,0.0139780742178823
Mar-1983,1.31222306401163,0.0725692207936306,1.58827696238904,0.212427930984773,0.452276857729732,0.0321504210224432
Apr-1983,1.18483915891404,0.170976158903812,1.07844938459197,0.151452152548334,0.142222452205187,0.0177266246360133
May-1983,0.901105211739228,0.228977679192145,0.485354944245883,0.0197468198025974,1.43575207906223,0.0483210493466844
Jun-1983,1.05391604863323,0.0749867947912254,0.973107967750025,0.116964516846547,0.367554961069977,0.0622831408524227
Jul-1983,1.23169724851687,0.124320280687236,0.929733606388833,0.0517101267343138,1.51933006724928,0.0274290573425921
Aug-1983,1.10220991567089,0.0489489856385216,0.987032913416481,0.0758849964805353,0.972155009900709,0.111596838951735
Sep-1983,1.23069126388434,0.159758957565494,1.12594865678621,0.101563630528124,1.05667092349967,0.0417023967538627
Oct-1983,1.13532823973624,0.0318117491901001,1.21129753456009,0.0948058032987485,0.987577862603928,0.0465137316625483
Nov-1983,1.40044861932443,0.0946762486093911,1.31366728160352,0.101891654713282,0.772592686525616,0.0357832034670837
Dec-1983,1.36502360626981,0.0898364040351349,1.18901969523396,0.0984959064258897,0.690974662824858,0.0162073639244753
Jan-1984,1.45171839105967,0.0960620502262856,1.40812204030065,0.14391738885106,0.624080636996452,0.0262125759187463
Feb-1984,0.991705366825828,0.0717492925709902,1.35147583529334,0.168694173313234,0.41748019083487,0.0453139156070317
Mar-1984,1.34690752964209,0.0797476907933292,1.38821403306318,0.132892302139076,0.571446277915677,0.0454229936498645
Apr-1984,1.20507375428521,0.101174380150393,1.34864090498607,0.119902727100836,0.874070336794615,0.093859953553866
May-1984,0.947726615640172,0.0876190820369554,1.39031566813912,0.187172906935081,0.550930392205418,0.0559254933526454
Jun-1984,1.0281836416767,0.0914722572127086,1.35272051740357,0.180344739867335,0.220006431384528,0.00829381167233132
Jul-1984,1.2736015851214,0.10304367745122,1.36492551455308,0.170031951699738,0.251059726765363,0.0246442879769265
Aug-1984,1.07144133164108,0.0255990231845411,1.30911733779449,0.175877861183959,0.225534147652217,0.0323247718713027
Sep-1984,0.933512078680299,0.0860010423425023,1.13788947223559,0.166230548818705,0.314294526336722,0.0179314442660413
Oct-1984,0.85540353158379,0.0776728938082444,1.13844184576581,0.141019546084032,0.335610499487779,0.0124471152132308
Nov-1984,1.17250922358005,0.0317654266502775,1.31148333644051,0.160050107676426,0.27679793744328,0.0120397299508356
Dec-1984,1.48340446053153,0.168373750651011,2.40413016767872,0.384065050655012,0.576242180792551,0.0250554736012891
Jan-1985,1.09189369502257,0.0662535639797079,1.31107768121736,0.149988375476454,0.32686816800973,0.054787666406783
Feb-1985,1.20568681138094,0.093192170559282,1.3752658593603,0.177041035581813,0.34746464366367,0.0433829464727291
Mar-1985,1.30516522996825,0.09181001491995,1.73039207633327,0.288254887188472,0.189440347269454,0.0208441633008245
Apr-1985,1.02192010594249,0.0427050586734681,1.34236476224641,0.221926894416813,0.222695227489337,0.0141316464783589
May-1985,0.915860120055293,0.0639527971502575,1.13977737332075,0.164076081731406,0.2807048169603,0.0158285600492462
Jun-1985,0.917343075678044,0.110978464110113,1.11221757560589,0.154609642647179,0.595039557492289,0.0280034750233078
Jul-1985,1.10730003655382,0.0576585118198402,1.74308669607428,0.308465034139082,0.163317426244945,0.0210277376141666
Aug-1985,0.985138839068622,0.142613264491487,1.15732320726965,0.0922034515542588,1.37240370651997,0.0157031953849675
Sep-1985,1.60843103691666,0.0939319410563172,1.51058950227218,0.181936406493045,0.211925525547068,0.0304465406451575
Oct-1985,1.25324710588921,0.0453101219640764,1.42808545851069,0.184240865744122,0.341261445928141,0.02182105064516
Nov-1985,1.06528781251427,0.183976497397938,1.4263593278195,0.193591267802483,0.296493562177021,0.0322703678536586
Dec-1985,1.57497571882649,0.111521879512203,1.59037415908233,0.212008533945263,0.102192726586597,0.00709358947603066
Jan-1986,1.36710988788285,0.0528079099538323,1.77903763671212,0.321151866155644,0.0936139375678157,0.0206619429233868
Feb-1986,1.05126354353457,0.10603184543242,1.45845161833182,0.248043987828692,0.241152120615936,0.0220064070564733
Mar-1986,1.15120646594251,0.155048717404741,1.6924711427112,0.274093384244275,0.15511130691704,0.0135190866115686
Apr-1986,1.13113463870514,0.147881865695902,1.36992219123845,0.216643608705207,0.135241120414576,0.0130179696235967
May-1986,1.32995949983299,0.0308446447192114,1.57285028581178,0.206098238426091,0.304480462283557,0.0139564881759222
Jun-1986,0.937608559655961,0.0366367968119427,1.10789408648789,0.171644017504839,0.373541366822906,0.026477134357927
Jul-1986,1.25481804405451,0.125636801044159,1.53381781307102,0.0620325208168765,1.60106440932107,0.049227547746659
Aug-1986,1.57596696315291,0.107694827403822,2.05392831897264,0.135958361630355,1.53187273420762,0.0349962310106276
Sep-1986,1.3230625526155,0.0542448393803178,1.72527944865675,0.148706066227585,1.27128734975712,0.0313593589750011
Oct-1986,1.00089907824999,0.10062091955697,1.67342827889326,0.202728016459237,1.11175788982687,0.0510650616249632
Nov-1986,1.38593895056551,0.0765579760945108,1.98744932396403,0.229942360512651,1.19277317082749,0.0531016572771836
Dec-1986,1.54316548721259,0.0732481821555764,1.75706927792919,0.180403827995755,1.11796228609078,0.0279465819020391
Jan-1987,1.70091988574289,0.087503074047408,1.81496201392404,0.165709192349369,1.08840440711814,0.0360042567044267
Feb-1987,1.10800458999322,0.0893812033693716,1.26008800406235,0.101047483764523,1.24844645459847,0.0375090214770778
Mar-1987,2.01302166900007,0.143698579159933,1.78496437545997,0.142509064017203,1.09126220919085,0.0464727430084173
Apr-1987,1.34252681850257,0.0728671069722979,1.48857119238924,0.15191044556466,1.01548019163289,0.0486860493661741
May-1987,1.39964957167245,0.12156585279161,1.59335313165803,0.145192647601261,1.16815483989979,0.0294998119310852
Jun-1987,1.38835467836771,0.0509701248598644,1.37145625864185,0.116334287178889,0.57003627588663,0.0159360353006094
Jul-1987,1.62574751688708,0.0935376251539229,1.60376720441397,0.145857196010373,0.513025489683975,0.00779626748241649
Aug-1987,1.48141260366722,0.106198006854328,1.22913532614128,0.110661343073908,0.794643296244413,0.0181847810288537
Sep-1987,1.54156605923744,0.13919120513666,2.07706056562425,0.242229892812278,0.836916272483627,0.0134578473445662
Oct-1987,1.25812022854117,0.0869389835618384,1.21734059321366,0.0978297218352579,1.2897880365121,0.09720799322746
Nov-1987,1.17890934209223,0.0477471673677467,1.19086304363154,0.0469909530133605,1.8355887339076,0.0892125934601501
Dec-1987,1.45451135984558,0.07426219245698,1.90003835832673,0.153136567434336,1.33596491704294,0.0296091689602619
Jan-1988,1.59382842797651,0.0587796519186695,1.69205642299968,0.155419106115421,0.730481504464519,0.0247405558645875
Feb-1988,1.13849382335239,0.0499061430645239,1.26947617787104,0.133658584497335,0.390932646415101,0.0346365196936951
Mar-1988,1.23636240438446,0.0862991053174479,1.48900965223972,0.161376427476077,0.451454149112848,0.0319606935426135
Apr-1988,1.14117978623193,0.0617307876265038,1.22320668029598,0.120066353848756,0.917903293057276,0.045798276432131
May-1988,1.11339457184306,0.0760407386433576,1.31561520576555,0.138363054784516,0.764649498534611,0.0179164449641159
Jun-1988,1.34587377061309,0.0802089441549739,1.34139885847793,0.129063794524298,0.384246680192881,0.0168245966708257
Jul-1988,0.972853400096156,0.120717769067346,1.50796695105296,0.167047137050553,0.785774079762548,0.0270224661596189
Aug-1988,1.34323163033562,0.0402375719941007,1.67137573338524,0.174068039408348,0.311758668145984,0.00419830044713738
Sep-1988,1.33540237684309,0.0653320905726301,1.43224775946817,0.154619277362989,0.634889769145886,0.0256570672832586
Oct-1988,1.26840116943817,0.0351560623986191,1.42946173691774,0.132557603528806,0.408943340752347,0.0219116447564978
Nov-1988,1.76335185965146,0.116318217373597,1.51466902639097,0.130240115752003,0.233088171543764,0.0177236852858435
Dec-1988,1.38993910150178,0.105724186319269,1.86598009334857,0.206915204243889,0.235471648822637,0.0191134903948904
Jan-1989,1.27359140440581,0.0955995419940695,1.53485600030065,0.122443694218044,0.698157973217602,0.0656299142274486
Feb-1989,1.22514241893614,0.0890111902056141,1.21158774912106,0.0941361541826432,0.513281338939073,0.021499798811662
Mar-1989,1.23948616124926,0.0621056003261857,1.1877516870844,0.0898492991230074,0.559759317196395,0.0447937669971146
Apr-1989,1.83911128191344,0.13654491465662,1.87632081987327,0.212853589857317,0.345938527313755,0.0180119413331008
May-1989,1.32092237549882,0.063123973199215,1.67753233353187,0.200128024209337,0.356066248050693,0.019334275127564
Jun-1989,0.950227883558755,0.180464615776752,1.48339267481358,0.194729134193111,0.600344857487756,0.0228103846143201
Jul-1989,1.41792704782946,0.113756262707551,2.3184141515136,0.323281733602644,0.436328015453346,0.0511443053552151
Aug-1989,1.60705518254498,0.0708824852882765,1.6146846122044,0.164438022908804,0.237648955958794,0.0119552287943042
Sep-1989,1.26227734173896,0.0700911829992945,1.52766903182048,0.191578246791065,0.192745415571209,0.0314250878999886
Oct-1989,1.67593521345488,0.0848994588533134,1.90201962877337,0.272679652034079,0.278485873211785,0.0115985026537499
Nov-1989,1.73568507849239,0.117666857640471,1.62650829129789,0.159946247852747,0.35062076535949,0.00714347460069605
Dec-1989,0.873058361265868,0.0753470745136603,1.16219650086786,0.143614514053353,0.339271629445007,0.0144562319815061
Jan-1990,1.04327902326137,0.0905049865647398,1.39042897368235,0.189810295918185,0.259095516455073,0.0221536058046135
Feb-1990,1.07959153116086,0.112962496123362,1.38378143743683,0.185720475815824,0.377060514522041,0.060700687938618
Mar-1990,1.10289346996338,0.0449417048901842,1.23271359492189,0.112787601987018,1.02399023782287,0.07700259125942
Apr-1990,0.818072222259677,0.0619753041248196,1.08251443560454,0.135608661698093,0.464540111568988,0.0589713808454875
May-1990,1.1849820258408,0.0548266185718134,1.18443949609978,0.156493013797774,0.18801272762154,0.0102104700222019
Jun-1990,0.834500874751798,0.0745219935781696,1.25058620443345,0.19149519775224,0.07890161178038,0.0107647820091005
Jul-1990,1.24956999114167,0.1130387418548,1.9146315868853,0.395054509028641,0.319495730727827,0.023227927515517
Aug-1990,0.817803961843949,0.0792380081376649,1.00550939159866,0.155777864591236,0.36658054250254,0.0193880392045203
Sep-1990,1.72434939284456,0.0713856051125905,1.71908232420037,0.222554523827498,0.0825145764524406,0.0127969057530747
Oct-1990,1.2395349316732,0.0634021766167856,1.56582364223621,0.260314070636814,0.21356461250742,0.0297963772684651
Nov-1990,1.41124559626176,0.0533660803267906,1.74289232869068,0.253344763485858,0.244466674398059,0.018443590444473
Dec-1990,1.15082734531112,0.136257641548354,1.42236184029449,0.164043462265809,0.151616654179294,0.0320109287504261
Jan-1991,1.2275319288467,0.0502801221859033,1.53812629007402,0.276134147845792,0.0481111722085166,0.0105451416007834
Feb-1991,1.05404574030852,0.159792762413177,1.56675857395477,0.248431762636325,0.186423720503611,0.0112472999127594
Mar-1991,1.28420268079291,0.0849963839334866,1.61181457201207,0.209977528595357,0.354403133572303,0.00911072681231385
Apr-1991,1.36456077223355,0.09718724550463,1.27217575507013,0.143609651473075,0.207893302715705,0.0138140285884762
May-1991,1.25458517875732,0.077645181529554,1.42502876874505,0.237139242629109,0.0630951290097169,0.0123895351188321
Jun-1991,0.974644685845422,0.0835214380039785,1.15811861840867,0.154700828277106,0.537354552311907,0.0404701777424314
Jul-1991,0.719637169790341,0.131306150496241,1.41547831138838,0.299801987927045,0.228403601749975,0.0128907968308561
Aug-1991,1.55734942854857,0.071235933969431,1.56346013485171,0.203598799706738,0.157666149706236,0.0114178693649604
Sep-1991,1.31168820029352,0.0921448482151652,1.48814193099716,0.234298835320696,0.203265714828848,0.0147281407802011
Oct-1991,1.19137761441578,0.0423561045127201,1.27064324399641,0.152961724591638,0.124228352448582,0.0271559177893529
Nov-1991,1.36842971905584,0.104629199770416,1.42236184029449,0.16826973932628,0.6167946328182,0.0120777556815206
Dec-1991,0.806305870476594,0.12303540432647,1.35397691416896,0.24972408017301,0.0487407986648338,0.0135217325119883
Jan-1992,1.47987439864937,0.081197649349777,1.44764827301084,0.183280589427441,0.339477932679311,0.028633681585418
Feb-1992,1.21215242341393,0.0472460092843511,1.49288728154243,0.17339968028396,0.379944526619288,0.0519092746148767
Mar-1992,0.984286764761839,0.0884573921369714,1.20002422631162,0.159767910886487,0.306823402786558,0.0239271876019005
Apr-1992,1.21679900332438,0.0543022913199661,1.24329686771776,0.0523283811194414,1.8922243077475,0.0359339037089029
May-1992,1.02898060761366,0.0685193583389324,1.3492081904461,0.102342051304494,1.53730915596358,0.0217099137599596
Jun-1992,0.965753865367726,0.11239165982613,0.922837890715562,0.0263832047574057,1.75789345215078,0.0209683593122345
Jul-1992,1.40327187670557,0.195599259520243,1.40160084760055,0.0295345023181906,1.65954474124591,0.0204169255358296
Aug-1992,1.27605118894583,0.102655838711659,1.53881696196,0.075398362307237,1.0361545014757,0.0412547183499666
Sep-1992,1.06947135058355,0.0787003050648349,1.52601942568661,0.108890672220985,1.00738599329833,0.0477446600164066
Oct-1992,1.22543092446508,0.0802234689263735,1.56394134757404,0.112500730416208,0.988602105899814,0.0560756376814454
Nov-1992,1.25888064149492,0.108138808166116,1.32007773554245,0.0951201479934954,1.10056001430946,0.0837915395841101
Dec-1992,1.28863554478837,0.110479672772187,1.37223284768978,0.0889596769019134,1.09561583007981,0.0622031872216876
Jan-1993,1.49817320172157,0.0789153007179464,1.71432032330231,0.194967857679026,0.653261783130578,0.0364128156628396
Feb-1993,0.876240188673339,0.124208366130899,1.46264980951872,0.234883203179662,0.408659273725338,0.0211685881988963
Mar-1993,1.25765537131947,0.0849318936367495,1.58774326717318,0.23133215495328,0.384348600302763,0.0248181345846979
Apr-1993,1.1104488124424,0.0929663287889024,1.08203062044155,0.122459165431707,0.619430723757102,0.0275810967400736
May-1993,1.04346745868956,0.0519093357743989,1.12354791338155,0.113262181498134,0.580903354677466,0.0689820518593001
Jun-1993,1.14851132820182,0.0500336440951141,1.37044036511693,0.170903856009657,0.352847254254626,0.0360656488459519
Jul-1993,1.10797209075811,0.0421348356007325,1.39257469740717,0.210222913706848,0.274402623656842,0.0281944834577553
Aug-1993,1.54255017629329,0.125683151042542,1.62612545735464,0.192312019379438,0.377951318342142,0.0253557323097283
Sep-1993,1.22234860998078,0.111166388179499,1.28061193381728,0.127816311606693,0.646691659474428,0.0674981699658692
Oct-1993,1.2218356524204,0.0815789107572995,1.5231180881915,0.149359630304467,0.85511103828453,0.0578200000849229
Nov-1993,1.51672618484908,0.0936690137793002,1.51741445484269,0.196876457025822,0.339447625263949,0.0436314548772946
Dec-1993,1.19303474477312,0.0921844588771984,1.25411240763506,0.123954761612779,0.757609657563399,0.0442666182404415
Jan-1994,1.10610661904148,0.155135808741848,0.962517770357671,0.0307759252360335,2.05693601392536,0.0156361870963156
Feb-1994,1.13370946369433,0.131474123007267,1.15865878567472,0.100820628624447,1.14669871169759,0.0596297607941322
Mar-1994,1.1142381414897,0.0631753651139892,1.37434962627611,0.154950662455405,0.830705985490696,0.0544161352224281
Apr-1994,1.00455174852074,0.0896506040534524,1.45386135572762,0.213560276250232,0.579180475310995,0.0692297779661415
May-1994,0.978949010585543,0.0600922849600366,1.13370045476752,0.153737848073652,0.492206164200553,0.0755595287679774
Jun-1994,1.11566886088698,0.0442524766667203,1.44764827301084,0.220788357517273,0.496576702078994,0.0311686788901518
Jul-1994,1.23601079601093,0.0564570929292676,1.29165169186743,0.15197126253793,0.274405012879085,0.0232067568641403
Aug-1994,1.04147843419485,0.0401304781373911,1.11675723917979,0.128450392789806,0.166663780008378,0.0180743003340641
Sep-1994,1.34245381306302,0.0709527199720805,1.33629071354847,0.187003892609729,0.218770510455333,0.029798234721703
Oct-1994,1.06348861215451,0.0415782696621303,1.34090922983953,0.183240678696309,0.16867201039045,0.0226687690327828
Nov-1994,0.982373983970288,0.0657857252916257,1.20069650879134,0.186384871513608,0.27584082935079,0.0334362197839751
Dec-1994,0.928644775998617,0.0948925057468671,1.16169305858894,0.162668063913964,0.277509372439642,0.0125741826612873
Jan-1995,1.12467356983245,0.0679218180428157,1.15676567609745,0.140428332615497,0.120901329601075,0.0189099861116814
Feb-1995,0.975433279339622,0.0607293194346722,1.37434962627611,0.235625635108643,0.139755703496801,0.0119801109998993
Mar-1995,1.11612231414935,0.026742296235856,1.28679846489852,0.196046326558762,0.197802074895775,0.0227883828246703
Apr-1995,1.10775415912093,0.0933964871470512,0.982072949027454,0.114440274038887,0.311333513556751,0.0254005622202393
May-1995,1.33977602911599,0.0919218439278116,1.62263872359457,0.303297547362241,0.0345574040555095,0.00790911346717551
Jun-1995,0.997461615733437,0.108667760092673,1.00370280262085,0.119334383066433,0.294028563604745,0.0306116958653995
Jul-1995,1.10491343963231,0.0959980257639047,1.44764827301084,0.262185068055192,0.0959662688618494,0.0107272727296551
Aug-1995,1.09474412246331,0.0694247216565043,1.21332826429733,0.118918046362015,1.18323018467147,0.111592837051379
Sep-1995,0.982064832204227,0.104218526861955,1.07163573456647,0.0939784510304209,1.36468944396039,0.0611318530760201
Oct-1995,1.04524026899371,0.0712926899239389,1.07406162191127,0.130490893990768,0.78774852801915,0.0195157661092626
Nov-1995,0.876790406507831,0.030777837185989,1.06793725058177,0.167236355815425,0.250736926817282,0.0249933410396609
Dec-1995,1.00952491819799,0.0883865891004574,0.999143746709935,0.111080964078808,0.42080485856663,0.0272907444181422
Jan-1996,0.975429998354819,0.108731588761124,1.00465208017692,0.0932099014990834,1.27668652835021,0.084192134164716
Feb-1996,1.07553134396832,0.0757534419467619,1.38359303969178,0.266122998961315,0.226077942698339,0.0292429377571074
Mar-1996,0.967990456776779,0.0612803108866218,1.39142892260265,0.287932531658615,0.191989649757896,0.0232195344394151
Apr-1996,0.921198184490104,0.0826525020149612,1.39196949327965,0.247105519861654,0.161208315476892,0.00862889216300212
May-1996,0.964228053929367,0.064899958234946,1.18194067859746,0.194742956061551,0.430593269548587,0.0338670933531562
Jun-1996,1.69319792594283,0.152227901199454,1.62206372759046,0.257795426292101,0.0592907944605067,0.016026179431713
Jul-1996,1.15032924427863,0.152318717024515,1.1875239739542,0.202509138664735,0.176015037280794,0.0122254110910981
Aug-1996,0.908615006357962,0.0523564721826823,1.18224608962552,0.176473419652126,0.104734734443604,0.0151866389372652
Sep-1996,0.974588483606873,0.0485314314480686,1.15976367326437,0.171822933628466,0.18374195096291,0.0267018647868713
Oct-1996,0.873828175650343,0.0713421184652483,0.883738771314757,0.134859082618305,0.293521469496225,0.0272819074445586
Nov-1996,1.00449937879844,0.0648442930552889,1.14083326589511,0.130260481411107,0.751831763979552,0.113683408561919
Dec-1996,1.09825170361498,0.0646698566666449,1.30927012926716,0.1512697838016,0.955860468618758,0.144051425402372
Jan-1997,1.05190511963556,0.0727592544532754,1.40018439520721,0.217667528516538,0.70552550217925,0.102356015688691
Feb-1997,0.86987548940975,0.127885018919104,1.00221803516135,0.147488989896908,0.543177660459292,0.0351018296761828
Mar-1997,0.934348634348837,0.0865690757909634,1.32176581448816,0.277890711539772,0.279847240316869,0.0413133943317705
Apr-1997,1.18020263266498,0.0616889972576236,1.41617765838017,0.186028945570716,0.529798624850904,0.0769522571587946
May-1997,0.958219476779697,0.0527753962938649,1.02381208661603,0.126384224879962,0.321675104349616,0.0231923445093754
Jun-1997,0.831487540104546,0.0808293693539032,0.914304172427899,0.121826802908968,0.359434444131702,0.0150830490816389
Jul-1997,1.00205993184947,0.0796561714862932,0.968810767322638,0.118638216755763,0.223088257242774,0.0364892672961765
Aug-1997,1.40878384497229,0.0381082973003258,1.74170182846617,0.219889029676707,0.811707079697947,0.0499730915836932
Sep-1997,0.827551628623347,0.118495035787188,1.34605892051885,0.245861059474148,0.369057557834896,0.0277674885546287
Oct-1997,1.10926521337419,0.095089244102433,1.05988534274008,0.149572206764135,0.0764854796629028,0.011062173763932
Nov-1997,NaN,NaN,NaN,NaN,NaN,NaN
Dec-1997,0.884958244574949,0.0423200944592838,1.15563338532196,0.162259377238467,0.401221789335861,0.0469470944211028
Jan-1998,1.01162031932617,0.0507549104782737,1.25945399751943,0.184592776419024,0.443371878813664,0.0342010034734855
Feb-1998,NaN,NaN,NaN,NaN,NaN,NaN
Mar-1998,0.865884783527898,0.0916567316615779,1.18544667254204,0.134768428453901,0.594280794878638,0.0910983118254805
Apr-1998,1.18479424244816,0.0650770766554185,1.76176063413583,0.343726519572479,0.227785013021154,0.0185039937640478
May-1998,1.12083181448853,0.134582658579788,1.83504710663346,0.422556296669985,0.210798700154392,0.0237800000478215
Jun-1998,0.847721598965848,0.0450365195327691,1.10789408648789,0.162492643820862,0.121299847263142,0.00799693968850813
Jul-1998,1.15315966835878,0.0375355137882898,1.41980888314525,0.177521451666513,0.982344227809054,0.0525391669536991
Aug-1998,0.965490218225318,0.0730401136932084,1.23773927342427,0.183982136949051,0.237336715001061,0.0175194078332984
Sep-1998,1.69646430780948,0.0682212395971176,1.95432516856463,0.268480796914794,0.228193601587082,0.0210616202862474
Oct-1998,1.07209994436585,0.0585382211913359,1.21831785352397,0.142664111244433,0.65538624184571,0.0579213087294285
Nov-1998,1.15030370250057,0.0286569856790057,1.53472486086112,0.266864646163071,0.306115211027359,0.0300647524520914
Dec-1998,1.08487921064965,0.107817625658307,1.53812629007402,0.237766261468093,0.270388625259893,0.0162473438538336
Jan-1999,1.02581046711812,0.0760536792011233,1.11780436270457,0.140289807341739,0.310139202023615,0.0132161401269366
Feb-1999,0.787127602106011,0.0738916370004995,1.30977700891457,0.291655404259003,0.106276661840604,0.0172866612937858
Mar-1999,1.00903620699835,0.1186098928239,1.65821529453969,0.265973075841735,0.217667102023803,0.0127609677247688
Apr-1999,0.979917567242121,0.0585012771365236,1.2214532303529,0.176685985350769,0.348559483933518,0.0213443398215461
May-1999,1.16119389977486,0.0633544597227781,1.31298331738192,0.144167108530217,0.798468906659577,0.0950925574381715
Jun-1999,1.24879273593799,0.0955629510229809,1.30977700891457,0.176996801894051,0.189372342583344,0.0126970587357201
Jul-1999,0.855066694844945,0.0647909087760304,0.983948435562055,0.138776287548924,0.250376918212497,0.0560639940508692
Aug-1999,1.41075776296461,0.0802656500349144,1.30920373962519,0.099248456166383,1.39775235521726,0.0526921079658854
Sep-1999,1.140884283748,0.0640952808212069,1.19652561340692,0.156513709012883,0.457557070446864,0.0139483033888384
Oct-1999,1.06209658846022,0.0622455019160326,1.10467786918168,0.0308072123683292,1.71574850295759,0.0325219412077524
Nov-1999,1.35445590819758,0.0828129511824802,1.32926582077864,0.082283967446142,1.39918037623017,0.0552770453137213
Dec-1999,1.15155467352245,0.0737797245312732,1.35272051740357,0.122019561047353,1.11996532261763,0.0734059170621698
Jan-2000,1.36027480852475,0.0811762829484992,1.44192634307799,0.155476779245228,0.664996512719737,0.0428474681434659
Feb-2000,0.756480917470774,0.10289706104058,1.20730512343761,0.177640008347351,0.367569598342318,0.0310587524952191
Mar-2000,1.02811962395289,0.0857041085966962,1.17705981076582,0.13618837652967,0.43293761419474,0.0329210034169926
Apr-2000,0.945680139492101,0.076662017396363,1.19503850725056,0.153947795965052,0.431071608726275,0.0157978261513922
May-2000,1.0880762381115,0.0982723410452065,1.18816414860324,0.119741919535388,0.943544599615157,0.0570162058051279
Jun-2000,0.849929900067289,0.0592400751505043,1.12594865678621,0.141345225564825,0.957459437502681,0.0397851673967298
Jul-2000,1.25798904000166,0.0538603154612978,1.44764827301084,0.213793465034369,0.484773353896587,0.0380322873676476
Aug-2000,1.22666818123033,0.0611280017222798,1.36492551455308,0.20488070056139,0.378164138203164,0.0326987257556827
Sep-2000,1.28398096422433,0.135083670056492,0.95499310156736,0.0991074063679438,0.253378787742756,0.0388094177001547
Oct-2000,1.03295849515147,0.0757796729790939,1.63938976612486,0.281290976245538,0.33733291316029,0.0275343082168234
Nov-2000,1.45201196943676,0.0936403714977204,1.6924711427112,0.251937876108796,0.649820487727038,0.0593996191184314
Dec-2000,0.820295293501905,0.10888509680073,1.13294212670414,0.177575695471884,0.235951853406926,0.0138077829525639
Jan-2001,0.839599340704101,0.117186092042352,1.43723353723378,0.284633099537939,0.21160313435452,0.0163773013657567
Feb-2001,1.09382384097566,0.0480096338639958,1.08573620475813,0.128490743472349,0.413030138454785,0.0803794838839163
Mar-2001,1.59184951748221,0.119133044633403,1.77058519545172,0.270241140153061,0.290645703660292,0.020695255872807
Apr-2001,1.36005258925116,0.0305271420999912,1.61195191135869,0.160686127002613,0.284725659427563,0.0588621211314074
May-2001,0.955433180813648,0.138918296875592,1.67485764321433,0.2501356192652,0.330198068358442,0.0583236530288141
Jun-2001,1.91012547089435,0.1077006084262,1.95598278109098,0.25176887207025,0.15132271017172,0.0117161943693118
Jul-2001,1.20949461125167,0.0873559635912345,1.31765536686293,0.0967576336989757,1.09957243507725,0.0954785106604531
Aug-2001,0.927939581712324,0.103997809057566,1.32818215339344,0.20285873209642,0.682020829361056,0.0158318867401898
Sep-2001,1.12372083474598,0.154380511966432,1.25226016254312,0.170599643673801,0.298369104563013,0.0186581763987635
Oct-2001,1.26004014189526,0.099084763729256,1.33219166227991,0.178330141873302,0.308284284343874,0.0197387276360796
Nov-2001,1.19251925788263,0.157731317607721,1.41926301275572,0.202229864380962,0.482023317425456,0.0404377539138319
Dec-2001,1.28536830261077,0.0535539640381641,1.60354885625816,0.213928816306918,0.949442681179038,0.0319772146116437
Jan-2002,1.12666301582775,0.0685075643058058,1.04861701827067,0.0879268346567521,1.00728018569541,0.0507319725793466
Feb-2002,1.40527984207431,0.0544782802904939,1.35374676341014,0.0979392920759375,1.14216086473178,0.049476758747323
Mar-2002,1.44758685109228,0.0725433090759228,1.31260645649863,0.127164165349185,1.03462643472065,0.0188779780589
Apr-2002,NaN,NaN,NaN,NaN,NaN,NaN
May-2002,1.01140734451995,0.0740917613524432,1.43317179028073,0.291829085125763,0.219476033735247,0.0566965165499254
Jun-2002,NaN,NaN,NaN,NaN,NaN,NaN
Jul-2002,NaN,NaN,NaN,NaN,NaN,NaN
Aug-2002,1.29734701532405,0.180472042308256,1.89045833299063,0.345793736167437,0.400941997202427,0.0345387570729351
Sep-2002,0.854965476267457,0.100183144338201,0.912383365342966,0.128821626824486,0.423890566710042,0.0212870577200915
Oct-2002,1.20266397660401,0.0501407925686466,1.30641429515612,0.215142518193127,0.307446185223844,0.017692379760409
Nov-2002,0.86816126587193,0.0804370689917156,1.20124005632814,0.217967719946303,0.416239020418052,0.0518971765438379
Dec-2002,0.927489302318468,0.0709895542705844,1.23245731350923,0.21570714203713,0.295389043902821,0.016178873869509
Jan-2003,1.01631519031318,0.106579988405272,1.4080641405457,0.178119347561757,0.931312748702167,0.117197964072715
Feb-2003,0.929988392094858,0.0692336629161048,1.02001367420376,0.10963329755405,0.534152364202692,0.0822799359436661
Mar-2003,1.4120786314784,0.0761679771150975,1.44764827301084,0.219468140342083,0.600722872840353,0.0182380931514293
Apr-2003,1.4272407817392,0.130519681862495,1.55357375640188,0.235727091059833,0.215638609251801,0.0250817087477464
May-2003,0.918171710277733,0.0831115933822566,1.175714343274,0.190045653491421,0.444849028706067,0.0887289732796844
Jun-2003,NaN,NaN,NaN,NaN,NaN,NaN
Jul-2003,NaN,NaN,NaN,NaN,NaN,NaN
Aug-2003,NaN,NaN,NaN,NaN,NaN,NaN
Sep-2003,NaN,NaN,NaN,NaN,NaN,NaN
Oct-2003,0.848238413930368,0.0263974018344884,1.0066428388486,0.169249294630745,0.5811161347592,0.0332414240580073
Nov-2003,1.00038053333736,0.101203506365447,1.25277254395169,0.224149280854031,0.266186663818407,0.0143065922361856
Dec-2003,0.930244795705464,0.124022565922961,0.711720053955162,0.0456391936060029,1.30001417682479,0.0644948586096895
Jan-2004,1.04363131684518,0.104328327270818,0.918984910512001,0.0973695234381224,0.580120795772753,0.0491779786531298
Feb-2004,0.901193507445147,0.0968878115869744,1.33183641116997,0.246691935360626,0.384080791090044,0.0282260794619904
Mar-2004,0.855174141816368,0.0431025561825025,0.968810767322639,0.133403447509318,0.355120955229501,0.0251778254818132
Apr-2004,1.3679661713007,0.104835607240934,1.33880253819799,0.191953489134402,0.209620178912706,0.0290612475933541
May-2004,NaN,NaN,NaN,NaN,NaN,NaN
Jun-2004,1.25912544528033,0.0898882926725854,1.32025522498589,0.20560974303596,0.220041864139864,0.0230081053663758
Jul-2004,0.825268206577747,0.0841025837518261,0.890860475698978,0.127532429060665,0.408965244048953,0.0196916807102263
Aug-2004,0.870355870480489,0.0500589972948535,1.04365340612409,0.197531140889011,0.118549924757351,0.00900611471686666
Sep-2004,0.930315493735767,0.0581002696246553,0.963000807698515,0.126345771721506,0.408214102531273,0.0385039614579548
Oct-2004,1.03005816163352,0.0854178659769733,1.15359471755551,0.15251994747794,0.444595943373028,0.0330418510281754
Nov-2004,0.732072975035099,0.0803179535958075,0.84144555868755,0.153117714849894,0.271421240759117,0.026357964807618
Dec-2004,0.995660025816781,0.0734982077460541,1.07705031512006,0.191874084567091,0.260862006607965,0.0188318252161063
Jan-2005,0.745433172644931,0.0834992907290615,1.04829702528371,0.190785819798932,0.284018889964566,0.0380661497090411
Feb-2005,NaN,NaN,NaN,NaN,NaN,NaN
Mar-2005,NaN,NaN,NaN,NaN,NaN,NaN
Apr-2005,0.935833857771608,0.0939139980610183,1.02651422995314,0.164279249030497,0.156959962645151,0.00920787942333159
May-2005,1.06735404180101,0.0752606564877132,1.32468201043849,0.160615335845061,0.505622925669115,0.0432849529001912
Jun-2005,1.04785978433937,0.108844534021473,1.10456400021636,0.171997193386308,0.66152987743919,0.0470285185786118
Jul-2005,0.988072639542349,0.0541383496818909,1.19348101897077,0.209307217405115,0.0575740027381107,0.0139303717379995
Aug-2005,0.760610755890267,0.0304325266975501,0.866247753661473,0.101408097151345,0.793998398641946,0.0584354116687639
Sep-2005,0.828511034299206,0.0604946367985016,0.951878316500278,0.0924670704003048,1.04973482871556,0.048386883887086
Oct-2005,0.736016523331678,0.0999401112033527,0.7653550295836,0.11188106027644,0.429006318151083,0.026901011397272
Nov-2005,NaN,NaN,NaN,NaN,NaN,NaN
Dec-2005,0.732036575890311,0.0737945917489301,0.884673944617735,0.16476579483222,0.267716730704847,0.0315548017853562
Jan-2006,1.12556960588875,0.0300976368376061,1.23723427984066,0.174871377616737,0.669306244484896,0.0463277731500848
Feb-2006,1.26042513045364,0.084245546597982,1.23496061204716,0.157865397677208,0.540453209337082,0.041829305199839
Mar-2006,1.02500694608591,0.0843089827343036,0.955783222721442,0.107793139832181,0.406739420699607,0.0240182763407134
Apr-2006,0.850266143008569,0.0609049821175901,0.965098848673893,0.164614445684393,0.573684332699006,0.0248512845429006
May-2006,0.852411619761639,0.0931167479852209,0.982710141532906,0.127750733352043,1.0113619562985,0.0714986721183508
Jun-2006,0.875206219474725,0.101459519035132,1.11098588393855,0.172137499422775,0.40554530834314,0.0438614837304597
Jul-2006,0.96826269481548,0.0907452784989023,1.12405630610253,0.180657540995052,0.353715403563156,0.0332983857888873
Aug-2006,1.39125435116925,0.0392922261747538,1.49086165429475,0.218355103557091,0.152499858076787,0.0186513871182919
Sep-2006,0.950070354378338,0.0551198677626072,1.04491905420331,0.176895332469131,0.282775192029095,0.0289132420790655
Oct-2006,1.03906945998712,0.0596964208563749,1.14653743222458,0.194611680140357,0.183687234632466,0.0438768215219591
Nov-2006,0.827834124813627,0.161446626860291,0.893229785474773,0.115201403948012,0.429746007019054,0.0456853245945282
Dec-2006,0.941901905335956,0.0991813023430585,1.07882068753037,0.164692480816448,0.24342212330236,0.0301559514575713
Jan-2007,1.24196142096865,0.107206889779814,1.16458855482436,0.141694648379688,0.160140557104093,0.0260052564571716
Feb-2007,0.816960509556862,0.0675521088637166,1.13743792879423,0.228540737023612,0.252264512272338,0.0241370423421542
Mar-2007,1.0867622007479,0.0639816553565206,1.25394885619953,0.197719749632441,0.0874503096137271,0.011804239106777
Apr-2007,0.995619869884932,0.0976709507622479,0.935675103287494,0.110383210618106,0.418012013246628,0.053075930460264
May-2007,0.768009452684805,0.102595905028203,1.10759666525662,0.22051348700581,0.283859622620082,0.0310160455019112
Jun-2007,0.815174440114532,0.0380342542074212,0.968359317757251,0.177374739159371,0.0551299868940112,0.0111276216227479
Jul-2007,0.794450329128016,0.133851782561291,1.43359343540879,0.340142177936576,0.101718647188602,0.0144511565028477
Aug-2007,1.18017776177923,0.108765759733407,1.14121177726402,0.167426443475401,0.166868023291653,0.0200817477583622
Sep-2007,0.875372195628219,0.109390360771528,0.960992045062515,0.135358220344968,0.47041687566793,0.0582397008758007
Oct-2007,0.763850710172465,0.196829501043426,1.3067267597089,0.278801234856493,0.0983535293980576,0.00794443832577515
Nov-2007,1.17815649328176,0.0782799102937929,1.52871657629945,0.255614474460482,0.23891208878376,0.0117217121046114
Dec-2007,0.941675380598573,0.0922117394390692,1.31604388455531,0.245063963992872,0.441882762887542,0.0225488056484971
Jan-2008,NaN,NaN,NaN,NaN,NaN,NaN
Feb-2008,1.17557449982171,0.0510246388124413,1.12333745860257,0.0705572045926566,1.18042166732466,0.0827629413160317
Mar-2008,0.87493956839152,0.0589775976350764,1.17621422182131,0.217797341888861,0.285603831472553,0.0181397954717892
Apr-2008,1.0058841634049,0.0608113508001007,1.04420531167995,0.148554543875125,0.360072933515525,0.03277206421713
May-2008,0.850585057866056,0.0522315150052028,0.850862658422698,0.112864537320684,0.28032045261858,0.01984071996713
Jun-2008,1.23560541814956,0.0855024612165648,1.25310265529397,0.135713644268351,0.422880354595203,0.0379460648261314
Jul-2008,1.06207494903091,0.0744581319496091,1.05283510764425,0.12731780560836,0.478133537288976,0.0247057193565781
Aug-2008,NaN,NaN,NaN,NaN,NaN,NaN
Sep-2008,1.56538301598914,0.180570168714113,1.2824803492445,0.146675574338908,0.32436848072608,0.0227262100766494
Oct-2008,1.12864239903375,0.0640816805359652,1.08144475730849,0.126436306200106,0.375392950388642,0.0886898074836267
Nov-2008,0.997463255081057,0.10459338568313,1.01470673341881,0.114838537106311,0.566404523718474,0.0535842796871734
Dec-2008,0.916830708883719,0.0418846722663028,0.977162584282316,0.107616481367239,0.685132465230143,0.0992308235506563
Jan-2009,0.890130848875042,0.0889129227807673,0.832893526937743,0.0902041987626401,0.499203448949168,0.0436131191339866
Feb-2009,0.954725790682929,0.134483526508395,0.991324360866118,0.137353224202211,0.251450082306867,0.0242012767946298
Mar-2009,1.25108073409842,0.049816065081066,1.38682271532131,0.17088993603531,0.692613090584613,0.0758249076370522
Apr-2009,0.872454361347232,0.110531016938931,1.28061193381728,0.192056202982831,0.44108436379616,0.0296734203218235
May-2009,0.836425343931242,0.079659462957897,1.06868275651586,0.170868770060624,0.62682098292396,0.0541249601697099
Jun-2009,1.0222837734397,0.146959186362343,1.16518031730141,0.134598245046375,0.45456573075135,0.0196752535982956
Jul-2009,0.998604738594177,0.0719006545827628,1.23107097232418,0.229242918527227,0.294797488087948,0.0386716278361354
Aug-2009,1.03000790129326,0.0947127610122622,1.20461243155647,0.210458478616506,0.267600119867438,0.0248247689157493
Sep-2009,0.921847481099445,0.0411231175726719,1.11892464769833,0.155366053100409,0.603572610307113,0.0277604648095746
Oct-2009,0.934666304269107,0.10368904831741,0.964183195117277,0.0871996318725515,1.12402969603332,0.114531437967942
Nov-2009,1.03109153546608,0.0961086285844221,1.009759179143,0.101179501051695,0.859754040144572,0.0684888181096271
Dec-2009,1.11521739620055,0.145188230964854,1.00407916428886,0.101038171154873,0.810813066780755,0.0318237386832962
Jan-2010,0.919618245651013,0.0961152832463965,1.00585915427184,0.111472095120206,0.451232580797618,0.0380730612380635
Feb-2010,0.889824582595185,0.0543827474800862,1.00407916428886,0.115349782532709,0.390353250184646,0.0781729848392472
Mar-2010,0.895983203944476,0.0963919011200117,0.849239209662299,0.0903466704955608,0.345488067616441,0.0112516575802679
Apr-2010,1.21163379654629,0.142505890687943,1.01901498547131,0.0193444908187785,2.12136029228148,0.0218475314497741
May-2010,1.17622866537559,0.147013433770582,1.15739479427217,0.0542621540058899,1.6616650202743,0.0434236623019363
Jun-2010,1.07464124522145,0.0889627463121096,1.06543632104311,0.053138024938162,1.69577457939336,0.0444416831515272
Jul-2010,1.15828539316684,0.107681005527513,1.28968665206076,0.0943391195388347,1.32253530868677,0.0941810737093418
Aug-2010,1.08954464232387,0.108425313679721,1.2193363270074,0.112080327736255,1.38665852970986,0.0577892567197974
Sep-2010,1.0455410291424,0.0501340712752187,1.36592619308281,0.146658292237568,1.06139996458588,0.100743089066456
Oct-2010,1.09885913148247,0.0595410582230618,1.1705166136939,0.116795069864789,0.947970280854994,0.108822342520166
Nov-2010,1.20676621146508,0.114596081864474,1.41547831138838,0.17495943572742,0.804152807684089,0.0809962633080831
Dec-2010,1.01290652865003,0.0957261571221594,0.976758964875343,0.0900614140734359,0.895597962664566,0.0294069737522605
Jan-2011,0.942671937332212,0.0492583781237655,1.25462850327606,0.167747753888339,0.652256940887956,0.0890127569169671
Feb-2011,0.929917523608526,0.057285852919488,1.26085494746105,0.169468975707141,0.802650713275307,0.0623620572798161
Mar-2011,1.04103706990126,0.0697505905685781,1.16219650086786,0.138121339924264,0.54565601507455,0.0768492146301775
Apr-2011,1.12370307034174,0.0695748908380254,1.35177752645383,0.15504571378526,0.665068524508519,0.053434876027125
May-2011,0.899439895344643,0.0796654016031854,1.21032888399267,0.173954742947849,0.531929920590435,0.0577235559908451
Jun-2011,1.18353642362926,0.0868236264738991,1.11617740676069,0.137447302592224,0.228437844100499,0.0272034171890308
Jul-2011,1.1161336967366,0.0799047736771305,1.04111690867218,0.115568637358112,0.429461089718646,0.0416078931549634
Aug-2011,0.953048803265947,0.0635458790915124,1.23593686549542,0.162231606419554,0.784571940352425,0.0320744586242952
Sep-2011,0.887094846710119,0.0834677611682926,1.03986002709229,0.154288353201311,0.545218967894088,0.066960361775042
Oct-2011,1.02270967604919,0.0715996415363845,1.10883697507213,0.162361421496241,0.323712635230162,0.0534146343404976
Nov-2011,1.12612398589259,0.101983460067294,1.29410981981272,0.173654724572416,0.773675118073392,0.0647309085458985
Dec-2011,1.0303393536279,0.142773985859937,1.57606868432632,0.271853714918689,0.448222832586113,0.0599803589687101
Jan-2012,0.89613507631006,0.0698095901872886,1.1970937642205,0.205498304474637,0.245303366878077,0.0339218910020406
Feb-2012,1.12837208508672,0.0850265687150699,1.34120354705416,0.172044509380866,0.468948543738759,0.0496103015010869
Mar-2012,1.31033818589398,0.131477530078743,1.25333306857985,0.171028038284788,0.20339196285488,0.0364420363551877
Apr-2012,1.03395534737871,0.0674477540330595,1.11675723917979,0.132763611844283,0.466499420196883,0.0445393527496132
May-2012,0.883145932001608,0.0870656955665933,1.13135537302528,0.16151398908705,0.542510230354767,0.0478920358074458
Jun-2012,1.006259311304,0.117821880144134,1.34536877546116,0.189305222059345,0.651121441082007,0.0302362331832959
Jul-2012,1.05882346442831,0.111321002157083,0.979611613315605,0.117000411923048,0.982211621394001,0.0379388320888761
Aug-2012,0.917314328695273,0.073422213153913,0.926494894726938,0.0707727623180351,1.33701167760153,0.0245178309848723
Sep-2012,0.973293852409447,0.0619686367194357,1.23008263660459,0.194704892349388,0.391789621609905,0.0243322675221153
Oct-2012,0.813071978305288,0.119042649160093,0.983658441917622,0.153832460373446,0.240731204070364,0.023164959425899
Nov-2012,1.43368020195886,0.0584726042470514,1.52661090608416,0.198550646904985,0.185300825372267,0.0197439095263393
Dec-2012,0.993980255416007,0.103321255856449,1.0982159312496,0.166779219594679,0.0448870483897698,0.0031092294995923
Jan-2013,1.11376068569762,0.0636644073754709,1.33183641116997,0.199878291694123,0.299195677514789,0.0443314219396726
Feb-2013,NaN,NaN,NaN,NaN,NaN,NaN
Mar-2013,1.08134249748851,0.0628968023621393,1.16827755365787,0.166929721420603,0.346460318261203,0.0264262813704035
Apr-2013,1.12726394700636,0.0877153618625635,1.36413010341406,0.198388083900826,0.159804663739707,0.0188485551524036
May-2013,1.19040912715169,0.108007117410519,1.05817944829219,0.125355191361922,0.322077522729938,0.0271246933660279
Jun-2013,1.0716506141515,0.0522150631488682,1.31674390789816,0.194318222224385,0.489144186663586,0.0333266271820842
Jul-2013,0.906776851696305,0.156098835719788,1.34515989970034,0.254831468927872,0.228645915930837,0.027734763288062
Aug-2013,0.915128595345654,0.0955783998186268,0.966983807362709,0.12660783398838,0.177259977418512,0.0211560641078717
Sep-2013,0.82960128512271,0.107732631451793,0.928680024195633,0.160159726405603,0.17605278429675,0.0156797376509451
Oct-2013,1.03144179259,0.0763713892412101,1.21437793517971,0.164449830362605,0.14789059067513,0.0160246894898084
Nov-2013,1.50735413026234,0.138075201421173,1.19142733973458,0.151818269598869,0.114911712457719,0.013893921597306
Dec-2013,0.835563599992561,0.0799605744259099,0.939015096007031,0.146078256978302,0.271760076072877,0.0498449284319995
Jan-2014,0.948340945747532,0.15376691931339,1.07899250162299,0.166199836841092,0.139870537432177,0.0412722800623306
Feb-2014,0.834109094078396,0.0643892039208278,0.96817241188623,0.164254759671238,0.235705807640259,0.0491171271997066
Mar-2014,0.874756892089177,0.0522873529852435,1.11675723917979,0.136899248656753,0.651872721286655,0.0334672914293032
Apr-2014,1.02040311740003,0.151975294492048,1.65103687335121,0.297064442436023,0.202964348236917,0.015347609832254
May-2014,NaN,NaN,NaN,NaN,NaN,NaN
Jun-2014,1.14211281361747,0.0614444241371808,1.19478394584737,0.141218113636591,0.513956359340359,0.0232087604846138
Jul-2014,1.57072639121761,0.202512894971241,1.13226775639062,0.102573777507764,0.249025497088485,0.0289523137910705
Aug-2014,1.08067464319898,0.0554219745111863,1.09078614059421,0.131711271589413,0.123890087378095,0.0152954313111755
Sep-2014,0.840897287206626,0.0595667156561114,0.967487707210214,0.153703704876312,0.13365020081064,0.016106590197692
Oct-2014,1.1517628155971,0.100769520424092,1.1603287684438,0.17878857199594,0.158650364783243,0.00905735831546902
Nov-2014,NaN,NaN,NaN,NaN,NaN,NaN
Dec-2014,0.873954647291391,0.0660871177643775,1.03638455908731,0.167165796510557,0.252496651298277,0.00875456393033967
Jan-2015,0.720811294396917,0.106864920610792,1.27110580069244,0.292524308350779,0.0885485501692635,0.0143200324480281
Feb-2015,NaN,NaN,NaN,NaN,NaN,NaN
Mar-2015,0.878925286405468,0.0818179956336408,1.13435125870252,0.208560813558211,0.271409963348526,0.0363004099874782
Apr-2015,NaN,NaN,NaN,NaN,NaN,NaN
May-2015,0.86948292925863,0.117640308189756,0.848848305538174,0.113454502440511,0.350611777510284,0.029537385903866
Jun-2015,1.03977898818084,0.132828146382532,1.19687455642628,0.219086317535605,0.0523653690429358,0.00961562935942841
Jul-2015,1.0406039394626,0.135524122382617,1.54748608494262,0.336359460874903,0.0984136673093622,0.0177891250751417
Aug-2015,NaN,NaN,NaN,NaN,NaN,NaN
Sep-2015,NaN,NaN,NaN,NaN,NaN,NaN
Oct-2015,NaN,NaN,NaN,NaN,NaN,NaN
Nov-2015,NaN,NaN,NaN,NaN,NaN,NaN
Dec-2015,0.771449369910363,0.0612806420606659,0.881816206910156,0.143391510221185,0.190344041815172,0.0114238655057198
Jan-2016,0.813197612420763,0.0415561064985971,0.974378645295757,0.171109916025959,0.0719440922278781,0.0264474997565566
Feb-2016,0.808322049742006,0.0635377449429671,1.01062237927172,0.177645413302241,0.10242305685736,0.0144291347866127
Mar-2016,1.02997342290476,0.14929804186031,1.59097978519013,0.311484837047298,0.108005307845172,0.0138126701546593
Apr-2016,NaN,NaN,NaN,NaN,NaN,NaN
May-2016,NaN,NaN,NaN,NaN,NaN,NaN
Jun-2016,1.13852882682671,0.0848130571309775,1.00944122820756,0.124428450517887,0.775438623329463,0.0478067936046844
Jul-2016,NaN,NaN,NaN,NaN,NaN,NaN
Aug-2016,1.26077547731491,0.117013476025149,1.26669223888449,0.203138494650597,0.168295457952737,0.025059643563258
Sep-2016,0.887133539214696,0.0880805712574662,1.07044414553618,0.136082314072885,0.755362065376273,0.0857265956431688
Oct-2016,1.14911850319484,0.131220464459054,1.04829702528371,0.149850976837952,0.372294596271836,0.0310072722102862
Nov-2016,1.44138223067511,0.0715352691187785,1.79382503394821,0.312866989782612,0.418044165677405,0.0311683116737345
Dec-2016,0.958165154669977,0.0954279127305868,1.03090104290166,0.149788275920254,0.637125867395377,0.027609198609606
Jan-2017,1.38264643804979,0.0333726035350214,1.57085238135219,0.272214343825841,0.522626760531567,0.0473852250897511
Feb-2017,NaN,NaN,NaN,NaN,NaN,NaN
Mar-2017,0.769802536614888,0.113454138471023,0.877589885711234,0.140465933978951,0.119293780821217,0.0263148130425465
Apr-2017,NaN,NaN,NaN,NaN,NaN,NaN
May-2017,NaN,NaN,NaN,NaN,NaN,NaN
Jun-2017,NaN,NaN,NaN,NaN,NaN,NaN
Jul-2017,NaN,NaN,NaN,NaN,NaN,NaN
Aug-2017,NaN,NaN,NaN,NaN,NaN,NaN
Sep-2017,1.12187985466584,0.0829425856777452,1.22986047972602,0.219793147617132,0.176358193441143,0.0210407887873821
Oct-2017,NaN,NaN,NaN,NaN,NaN,NaN
Nov-2017,NaN,NaN,NaN,NaN,NaN,NaN
Dec-2017,1.01016309961704,0.0655201489161997,1.12075995329871,0.197053004738407,0.0703932076537757,0.0174782728950067
Jan-2018,NaN,NaN,NaN,NaN,NaN,NaN
Feb-2018,1.18490349103693,0.101709077798829,1.47946471857152,0.283953197494109,0.241188455725384,0.0138680813836288
Mar-2018,NaN,NaN,NaN,NaN,NaN,NaN
Apr-2018,0.809033110535785,0.0528087328772396,1.06953118677666,0.194626135391697,0.237480057841372,0.0164651311362339
May-2018,0.835904280156487,0.100931220434962,0.881816206910156,0.132232716477611,0.386454710033056,0.036661566058932
Jun-2018,NaN,NaN,NaN,NaN,NaN,NaN
Jul-2018,NaN,NaN,NaN,NaN,NaN,NaN
Aug-2018,0.674694382531,0.184139734967348,1.17774774753424,0.261968483818578,0.0702824452063755,0.0249763858333822
Sep-2018,NaN,NaN,NaN,NaN,NaN,NaN
Oct-2018,1.19870251189161,0.0881331765231748,1.12266600764106,0.162230097514399,0.20134018007091,0.0269392274143783
Nov-2018,0.885060707782889,0.130018885430524,0.814302153568597,0.112399825028827,0.60531036869057,0.0430956169939015
Dec-2018,NaN,NaN,NaN,NaN,NaN,NaN
Jan-2019,1.09057351194777,0.0734108800097196,1.07863988969435,0.157808674936715,0.255223009502714,0.0298108363530417
Feb-2019,1.07920567031532,0.0880555237008004,1.13294212670414,0.177404124711561,0.164445682366912,0.0584152936558185
Mar-2019,NaN,NaN,NaN,NaN,NaN,NaN
Apr-2019,1.06074455796297,0.164103491330368,0.955994142554328,0.132199656477326,0.171551675530329,0.0132855441434809
May-2019,1.50249594624689,0.0721778149315731,1.95962144273419,0.371984315598501,0.0863574262834147,0.0124640015553382
Jun-2019,0.842358023819436,0.0985478994278518,0.977162584282317,0.139693203651935,0.42048286561885,0.0705197704649406
Jul-2019,1.10908637405769,0.128164736553588,0.872480553691547,0.01560183760566,2.00265220675299,0.0552425157742889
Aug-2019,1.35439737472654,0.0824714980935144,1.56315212458085,0.1267857400784,1.05776167692132,0.0321940269209389
Sep-2019,1.11369007725035,0.11062243201937,1.18583954278547,0.14157060972051,0.85686714187466,0.0714558689161227
Oct-2019,1.26965406656055,0.122355972670543,1.4631311422409,0.192644121152645,0.718922706355402,0.0865990415120196
Nov-2019,1.17876686128871,0.17683065782906,1.02541752671601,0.105131658614955,0.693728205569805,0.0123097850046548
Dec-2019,0.929128879707574,0.0701667229201654,1.05380278697113,0.140006899805407,0.707893163417228,0.0641426068382536
Jan-2020,1.00595917925527,0.0927943096654727,1.25579127297326,0.186729760126426,0.421562758121558,0.055057975630164
Feb-2020,1.14319275624625,0.0693850962225917,1.13179774071757,0.163745510166724,0.406798305939442,0.0627188269876311
Mar-2020,0.866831288751047,0.0524645742023203,1.13508785042895,0.196331533168425,0.418111644648442,0.0130276212647905
Apr-2020,1.09647874253093,0.157054804648697,1.06585092628271,0.133399981641547,0.465480403904704,0.063028563440403
May-2020,0.894436501538392,0.074607791005917,0.952400179612394,0.134501109808813,0.276259210792564,0.0120561178157775
Jun-2020,1.10479080896003,0.109595841434438,1.02815928480883,0.0901672211248506,1.09932202891391,0.0593897610893038
Jul-2020,0.839095566525023,0.0941040404854653,1.08573620475813,0.186373718093216,0.50355923525854,0.0469590795589681
Aug-2020,0.988924996341385,0.0572326262867384,0.993588851586775,0.111895455234714,0.666752668489305,0.0804681680320384
Sep-2020,0.859417017732062,0.0584898078866445,0.957390391416115,0.116837693708308,0.551420287955989,0.0725519719307253
Oct-2020,1.15270767473681,0.102887282821802,1.07697016850287,0.0748771696326704,1.55757673371752,0.0962637933357266
Nov-2020,NaN,NaN,NaN,NaN,NaN,NaN
Dec-2020,0.92577382534677,0.0624096456157089,1.21959409301598,0.219004327304504,0.0783232910022267,0.00792173524222648
Jan-2021,0.875497625649662,0.0501490083731911,0.995258187694952,0.14592191511395,0.382507305972527,0.0428867220643569
Feb-2021,0.989882430246085,0.107211031058535,1.00379384968204,0.136233383465196,0.323916314686247,0.0304953505986175
Mar-2021,1.70569850801604,0.133130293253383,1.72604217166677,0.287520706170732,0.0614879446229547,0.0120278861806334
Apr-2021,1.03960746243463,0.107519921582878,0.928972153803747,0.123585592516441,0.340820565604944,0.0246521136508192
May-2021,1.18096486262537,0.107040462147974,1.42058942678634,0.25666935206479,0.142224274021,0.0144080448438327
Jun-2021,0.97867755602792,0.0850402612473877,1.04009379105492,0.0782282261972143,1.30364005258455,0.0780484191804278
Jul-2021,NaN,NaN,NaN,NaN,NaN,NaN
Aug-2021,0.740692675093666,0.116752563195413,0.81271481993591,0.13652868599075,0.306633164478637,0.0276034067861744
Sep-2021,0.864896796856468,0.0602472372769719,1.01787769196075,0.185969919099153,0.157956903364381,0.0151331920795214
Oct-2021,0.832935584003361,0.175871706370506,0.789626330733185,0.120637908609042,0.142751934842407,0.0126619985607633
Nov-2021,NaN,NaN,NaN,NaN,NaN,NaN
Dec-2021,1.34501769714022,0.0974557447524567,1.2203316020422,0.177224733126428,0.15122678634136,0.0192907487394417
Jan-2022,0.925118342378104,0.0954334864868973,1.07899250162299,0.179239288551633,0.144585323234344,0.0102063272399776
Feb-2022,NaN,NaN,NaN,NaN,NaN,NaN
Mar-2022,0.992356616115567,0.150275495649585,1.43272406401073,0.273526147404023,0.0798639460523876,0.0178495525231486
Apr-2022,1.01798352939816,0.166607008884682,1.32324099954897,0.24885736287454,0.72620234970623,0.0347403639077311
May-2022,0.878737084457246,0.0660317162380263,1.08573620475813,0.186603991947994,0.0549026150444384,0.0118929808593624
Jun-2022,NaN,NaN,NaN,NaN,NaN,NaN
Jul-2022,NaN,NaN,NaN,NaN,NaN,NaN
Aug-2022,NaN,NaN,NaN,NaN,NaN,NaN
Sep-2022,0.943621298613641,0.0844320749428793,0.979611613315606,0.164858382090224,0.0381630551299375,0.00643585658099624
Oct-2022,NaN,NaN,NaN,NaN,NaN,NaN
Nov-2022,NaN,NaN,NaN,NaN,NaN,NaN
Dec-2022,NaN,NaN,NaN,NaN,NaN,NaN
